timestamp,sensor,value
2026-08-02T00:01:00Z,sensor-1,1.5
2026-08-02T00:02:00Z,sensor-2,3.0
2026-08-02T00:03:00Z,sensor-3,4.5
2026-08-02T00:04:00Z,sensor-4,6.0
2026-08-02T00:05:00Z,sensor-5,7.5
2026-08-02T00:06:00Z,sensor-6,9.0
2026-08-02T00:07:00Z,sensor-0,10.5
2026-08-02T00:08:00Z,sensor-1,12.0
2026-08-02T00:09:00Z,sensor-2,13.5
2026-08-02T00:10:00Z,sensor-3,15.0
2026-08-02T00:11:00Z,sensor-4,16.5
2026-08-02T00:12:00Z,sensor-5,18.0
2026-08-02T00:13:00Z,sensor-6,19.5
2026-08-02T00:14:00Z,sensor-0,21.0
2026-08-02T00:15:00Z,sensor-1,22.5
2026-08-02T00:16:00Z,sensor-2,24.0
2026-08-02T00:17:00Z,sensor-3,25.5
2026-08-02T00:18:00Z,sensor-4,27.0
2026-08-02T00:19:00Z,sensor-5,28.5
2026-08-02T00:20:00Z,sensor-6,30.0
2026-08-02T00:21:00Z,sensor-0,31.5
2026-08-02T00:22:00Z,sensor-1,33.0
2026-08-02T00:23:00Z,sensor-2,34.5
2026-08-02T00:24:00Z,sensor-3,36.0
2026-08-02T00:25:00Z,sensor-4,37.5
2026-08-02T00:26:00Z,sensor-5,39.0
2026-08-02T00:27:00Z,sensor-6,40.5
2026-08-02T00:28:00Z,sensor-0,42.0
2026-08-02T00:29:00Z,sensor-1,43.5
2026-08-02T00:30:00Z,sensor-2,45.0
2026-08-02T00:31:00Z,sensor-3,46.5
2026-08-02T00:32:00Z,sensor-4,48.0
2026-08-02T00:33:00Z,sensor-5,49.5
2026-08-02T00:34:00Z,sensor-6,51.0
2026-08-02T00:35:00Z,sensor-0,52.5
2026-08-02T00:36:00Z,sensor-1,54.0
2026-08-02T00:37:00Z,sensor-2,55.5
2026-08-02T00:38:00Z,sensor-3,57.0
2026-08-02T00:39:00Z,sensor-4,58.5
2026-08-02T00:40:00Z,sensor-5,60.0
2026-08-02T00:41:00Z,sensor-6,61.5
2026-08-02T00:42:00Z,sensor-0,63.0
2026-08-02T00:43:00Z,sensor-1,64.5
2026-08-02T00:44:00Z,sensor-2,66.0
2026-08-02T00:45:00Z,sensor-3,67.5
2026-08-02T00:46:00Z,sensor-4,69.0
2026-08-02T00:47:00Z,sensor-5,70.5
2026-08-02T00:48:00Z,sensor-6,72.0
2026-08-02T00:49:00Z,sensor-0,73.5
2026-08-02T00:50:00Z,sensor-1,75.0
2026-08-02T00:51:00Z,sensor-2,76.5
2026-08-02T00:52:00Z,sensor-3,78.0
2026-08-02T00:53:00Z,sensor-4,79.5
2026-08-02T00:54:00Z,sensor-5,81.0
2026-08-02T00:55:00Z,sensor-6,82.5
2026-08-02T00:56:00Z,sensor-0,84.0
2026-08-02T00:57:00Z,sensor-1,85.5
2026-08-02T00:58:00Z,sensor-2,87.0
2026-08-02T00:59:00Z,sensor-3,88.5
2026-08-02T00:60:00Z,sensor-4,90.0
2026-08-02T00:61:00Z,sensor-5,91.5
2026-08-02T00:62:00Z,sensor-6,93.0
2026-08-02T00:63:00Z,sensor-0,94.5
2026-08-02T00:64:00Z,sensor-1,96.0
2026-08-02T00:65:00Z,sensor-2,97.5
2026-08-02T00:66:00Z,sensor-3,99.0
2026-08-02T00:67:00Z,sensor-4,100.5
2026-08-02T00:68:00Z,sensor-5,102.0
2026-08-02T00:69:00Z,sensor-6,103.5
2026-08-02T00:70:00Z,sensor-0,105.0
2026-08-02T00:71:00Z,sensor-1,106.5
2026-08-02T00:72:00Z,sensor-2,108.0
2026-08-02T00:73:00Z,sensor-3,109.5
2026-08-02T00:74:00Z,sensor-4,111.0
2026-08-02T00:75:00Z,sensor-5,112.5
2026-08-02T00:76:00Z,sensor-6,114.0
2026-08-02T00:77:00Z,sensor-0,115.5
2026-08-02T00:78:00Z,sensor-1,117.0
2026-08-02T00:79:00Z,sensor-2,118.5
2026-08-02T00:80:00Z,sensor-3,120.0
2026-08-02T00:81:00Z,sensor-4,121.5
2026-08-02T00:82:00Z,sensor-5,123.0
2026-08-02T00:83:00Z,sensor-6,124.5
2026-08-02T00:84:00Z,sensor-0,126.0
2026-08-02T00:85:00Z,sensor-1,127.5
2026-08-02T00:86:00Z,sensor-2,129.0
2026-08-02T00:87:00Z,sensor-3,130.5
2026-08-02T00:88:00Z,sensor-4,132.0
2026-08-02T00:89:00Z,sensor-5,133.5
2026-08-02T00:90:00Z,sensor-6,135.0
2026-08-02T00:91:00Z,sensor-0,136.5
2026-08-02T00:92:00Z,sensor-1,138.0
2026-08-02T00:93:00Z,sensor-2,139.5
2026-08-02T00:94:00Z,sensor-3,141.0
2026-08-02T00:95:00Z,sensor-4,142.5
2026-08-02T00:96:00Z,sensor-5,144.0
2026-08-02T00:97:00Z,sensor-6,145.5
2026-08-02T00:98:00Z,sensor-0,147.0
2026-08-02T00:99:00Z,sensor-1,148.5
2026-08-02T00:100:00Z,sensor-2,150.0
2026-08-02T00:101:00Z,sensor-3,151.5
2026-08-02T00:102:00Z,sensor-4,153.0
2026-08-02T00:103:00Z,sensor-5,154.5
2026-08-02T00:104:00Z,sensor-6,156.0
2026-08-02T00:105:00Z,sensor-0,157.5
2026-08-02T00:106:00Z,sensor-1,159.0
2026-08-02T00:107:00Z,sensor-2,160.5
2026-08-02T00:108:00Z,sensor-3,162.0
2026-08-02T00:109:00Z,sensor-4,163.5
2026-08-02T00:110:00Z,sensor-5,165.0
2026-08-02T00:111:00Z,sensor-6,166.5
2026-08-02T00:112:00Z,sensor-0,168.0
2026-08-02T00:113:00Z,sensor-1,169.5
2026-08-02T00:114:00Z,sensor-2,171.0
2026-08-02T00:115:00Z,sensor-3,172.5
2026-08-02T00:116:00Z,sensor-4,174.0
2026-08-02T00:117:00Z,sensor-5,175.5
2026-08-02T00:118:00Z,sensor-6,177.0
2026-08-02T00:119:00Z,sensor-0,178.5
2026-08-02T00:120:00Z,sensor-1,180.0
2026-08-02T00:121:00Z,sensor-2,181.5
2026-08-02T00:122:00Z,sensor-3,183.0
2026-08-02T00:123:00Z,sensor-4,184.5
2026-08-02T00:124:00Z,sensor-5,186.0
2026-08-02T00:125:00Z,sensor-6,187.5
2026-08-02T00:126:00Z,sensor-0,189.0
2026-08-02T00:127:00Z,sensor-1,190.5
2026-08-02T00:128:00Z,sensor-2,192.0
2026-08-02T00:129:00Z,sensor-3,193.5
2026-08-02T00:130:00Z,sensor-4,195.0
2026-08-02T00:131:00Z,sensor-5,196.5
2026-08-02T00:132:00Z,sensor-6,198.0
2026-08-02T00:133:00Z,sensor-0,199.5
2026-08-02T00:134:00Z,sensor-1,201.0
2026-08-02T00:135:00Z,sensor-2,202.5
2026-08-02T00:136:00Z,sensor-3,204.0
2026-08-02T00:137:00Z,sensor-4,205.5
2026-08-02T00:138:00Z,sensor-5,207.0
2026-08-02T00:139:00Z,sensor-6,208.5
2026-08-02T00:140:00Z,sensor-0,210.0
2026-08-02T00:141:00Z,sensor-1,211.5
2026-08-02T00:142:00Z,sensor-2,213.0
2026-08-02T00:143:00Z,sensor-3,214.5
2026-08-02T00:144:00Z,sensor-4,216.0
2026-08-02T00:145:00Z,sensor-5,217.5
2026-08-02T00:146:00Z,sensor-6,219.0
2026-08-02T00:147:00Z,sensor-0,220.5
2026-08-02T00:148:00Z,sensor-1,222.0
2026-08-02T00:149:00Z,sensor-2,223.5
2026-08-02T00:150:00Z,sensor-3,225.0
2026-08-02T00:151:00Z,sensor-4,226.5
2026-08-02T00:152:00Z,sensor-5,228.0
2026-08-02T00:153:00Z,sensor-6,229.5
2026-08-02T00:154:00Z,sensor-0,231.0
2026-08-02T00:155:00Z,sensor-1,232.5
2026-08-02T00:156:00Z,sensor-2,234.0
2026-08-02T00:157:00Z,sensor-3,235.5
2026-08-02T00:158:00Z,sensor-4,237.0
2026-08-02T00:159:00Z,sensor-5,238.5
2026-08-02T00:160:00Z,sensor-6,240.0
2026-08-02T00:161:00Z,sensor-0,241.5
2026-08-02T00:162:00Z,sensor-1,243.0
2026-08-02T00:163:00Z,sensor-2,244.5
2026-08-02T00:164:00Z,sensor-3,246.0
2026-08-02T00:165:00Z,sensor-4,247.5
2026-08-02T00:166:00Z,sensor-5,249.0
2026-08-02T00:167:00Z,sensor-6,250.5
2026-08-02T00:168:00Z,sensor-0,252.0
2026-08-02T00:169:00Z,sensor-1,253.5
2026-08-02T00:170:00Z,sensor-2,255.0
2026-08-02T00:171:00Z,sensor-3,256.5
2026-08-02T00:172:00Z,sensor-4,258.0
2026-08-02T00:173:00Z,sensor-5,259.5
2026-08-02T00:174:00Z,sensor-6,261.0
2026-08-02T00:175:00Z,sensor-0,262.5
2026-08-02T00:176:00Z,sensor-1,264.0
2026-08-02T00:177:00Z,sensor-2,265.5
2026-08-02T00:178:00Z,sensor-3,267.0
2026-08-02T00:179:00Z,sensor-4,268.5
2026-08-02T00:180:00Z,sensor-5,270.0
2026-08-02T00:181:00Z,sensor-6,271.5
2026-08-02T00:182:00Z,sensor-0,273.0
2026-08-02T00:183:00Z,sensor-1,274.5
2026-08-02T00:184:00Z,sensor-2,276.0
2026-08-02T00:185:00Z,sensor-3,277.5
2026-08-02T00:186:00Z,sensor-4,279.0
2026-08-02T00:187:00Z,sensor-5,280.5
2026-08-02T00:188:00Z,sensor-6,282.0
2026-08-02T00:189:00Z,sensor-0,283.5
2026-08-02T00:190:00Z,sensor-1,285.0
2026-08-02T00:191:00Z,sensor-2,286.5
2026-08-02T00:192:00Z,sensor-3,288.0
2026-08-02T00:193:00Z,sensor-4,289.5
2026-08-02T00:194:00Z,sensor-5,291.0
2026-08-02T00:195:00Z,sensor-6,292.5
2026-08-02T00:196:00Z,sensor-0,294.0
2026-08-02T00:197:00Z,sensor-1,295.5
2026-08-02T00:198:00Z,sensor-2,297.0
2026-08-02T00:199:00Z,sensor-3,298.5
2026-08-02T00:200:00Z,sensor-4,300.0
2026-08-02T00:201:00Z,sensor-5,301.5
2026-08-02T00:202:00Z,sensor-6,303.0
2026-08-02T00:203:00Z,sensor-0,304.5
2026-08-02T00:204:00Z,sensor-1,306.0
2026-08-02T00:205:00Z,sensor-2,307.5
2026-08-02T00:206:00Z,sensor-3,309.0
2026-08-02T00:207:00Z,sensor-4,310.5
2026-08-02T00:208:00Z,sensor-5,312.0
2026-08-02T00:209:00Z,sensor-6,313.5
2026-08-02T00:210:00Z,sensor-0,315.0
2026-08-02T00:211:00Z,sensor-1,316.5
2026-08-02T00:212:00Z,sensor-2,318.0
2026-08-02T00:213:00Z,sensor-3,319.5
2026-08-02T00:214:00Z,sensor-4,321.0
2026-08-02T00:215:00Z,sensor-5,322.5
2026-08-02T00:216:00Z,sensor-6,324.0
2026-08-02T00:217:00Z,sensor-0,325.5
2026-08-02T00:218:00Z,sensor-1,327.0
2026-08-02T00:219:00Z,sensor-2,328.5
2026-08-02T00:220:00Z,sensor-3,330.0
2026-08-02T00:221:00Z,sensor-4,331.5
2026-08-02T00:222:00Z,sensor-5,333.0
2026-08-02T00:223:00Z,sensor-6,334.5
2026-08-02T00:224:00Z,sensor-0,336.0
2026-08-02T00:225:00Z,sensor-1,337.5
2026-08-02T00:226:00Z,sensor-2,339.0
2026-08-02T00:227:00Z,sensor-3,340.5
2026-08-02T00:228:00Z,sensor-4,342.0
2026-08-02T00:229:00Z,sensor-5,343.5
2026-08-02T00:230:00Z,sensor-6,345.0
2026-08-02T00:231:00Z,sensor-0,346.5
2026-08-02T00:232:00Z,sensor-1,348.0
2026-08-02T00:233:00Z,sensor-2,349.5
2026-08-02T00:234:00Z,sensor-3,351.0
2026-08-02T00:235:00Z,sensor-4,352.5
2026-08-02T00:236:00Z,sensor-5,354.0
2026-08-02T00:237:00Z,sensor-6,355.5
2026-08-02T00:238:00Z,sensor-0,357.0
2026-08-02T00:239:00Z,sensor-1,358.5
2026-08-02T00:240:00Z,sensor-2,360.0
2026-08-02T00:241:00Z,sensor-3,361.5
2026-08-02T00:242:00Z,sensor-4,363.0
2026-08-02T00:243:00Z,sensor-5,364.5
2026-08-02T00:244:00Z,sensor-6,366.0
2026-08-02T00:245:00Z,sensor-0,367.5
2026-08-02T00:246:00Z,sensor-1,369.0
2026-08-02T00:247:00Z,sensor-2,370.5
2026-08-02T00:248:00Z,sensor-3,372.0
2026-08-02T00:249:00Z,sensor-4,373.5
2026-08-02T00:250:00Z,sensor-5,375.0
2026-08-02T00:251:00Z,sensor-6,376.5
2026-08-02T00:252:00Z,sensor-0,378.0
2026-08-02T00:253:00Z,sensor-1,379.5
2026-08-02T00:254:00Z,sensor-2,381.0
2026-08-02T00:255:00Z,sensor-3,382.5
2026-08-02T00:256:00Z,sensor-4,384.0
2026-08-02T00:257:00Z,sensor-5,385.5
2026-08-02T00:258:00Z,sensor-6,387.0
2026-08-02T00:259:00Z,sensor-0,388.5
2026-08-02T00:260:00Z,sensor-1,390.0
2026-08-02T00:261:00Z,sensor-2,391.5
2026-08-02T00:262:00Z,sensor-3,393.0
2026-08-02T00:263:00Z,sensor-4,394.5
2026-08-02T00:264:00Z,sensor-5,396.0
2026-08-02T00:265:00Z,sensor-6,397.5
2026-08-02T00:266:00Z,sensor-0,399.0
2026-08-02T00:267:00Z,sensor-1,400.5
2026-08-02T00:268:00Z,sensor-2,402.0
2026-08-02T00:269:00Z,sensor-3,403.5
2026-08-02T00:270:00Z,sensor-4,405.0
2026-08-02T00:271:00Z,sensor-5,406.5
2026-08-02T00:272:00Z,sensor-6,408.0
2026-08-02T00:273:00Z,sensor-0,409.5
2026-08-02T00:274:00Z,sensor-1,411.0
2026-08-02T00:275:00Z,sensor-2,412.5
2026-08-02T00:276:00Z,sensor-3,414.0
2026-08-02T00:277:00Z,sensor-4,415.5
2026-08-02T00:278:00Z,sensor-5,417.0
2026-08-02T00:279:00Z,sensor-6,418.5
2026-08-02T00:280:00Z,sensor-0,420.0
2026-08-02T00:281:00Z,sensor-1,421.5
2026-08-02T00:282:00Z,sensor-2,423.0
2026-08-02T00:283:00Z,sensor-3,424.5
2026-08-02T00:284:00Z,sensor-4,426.0
2026-08-02T00:285:00Z,sensor-5,427.5
2026-08-02T00:286:00Z,sensor-6,429.0
2026-08-02T00:287:00Z,sensor-0,430.5
2026-08-02T00:288:00Z,sensor-1,432.0
2026-08-02T00:289:00Z,sensor-2,433.5
2026-08-02T00:290:00Z,sensor-3,435.0
2026-08-02T00:291:00Z,sensor-4,436.5
2026-08-02T00:292:00Z,sensor-5,438.0
2026-08-02T00:293:00Z,sensor-6,439.5
2026-08-02T00:294:00Z,sensor-0,441.0
2026-08-02T00:295:00Z,sensor-1,442.5
2026-08-02T00:296:00Z,sensor-2,444.0
2026-08-02T00:297:00Z,sensor-3,445.5
2026-08-02T00:298:00Z,sensor-4,447.0
2026-08-02T00:299:00Z,sensor-5,448.5
2026-08-02T00:300:00Z,sensor-6,450.0
2026-08-02T00:301:00Z,sensor-0,451.5
2026-08-02T00:302:00Z,sensor-1,453.0
2026-08-02T00:303:00Z,sensor-2,454.5
2026-08-02T00:304:00Z,sensor-3,456.0
2026-08-02T00:305:00Z,sensor-4,457.5
2026-08-02T00:306:00Z,sensor-5,459.0
2026-08-02T00:307:00Z,sensor-6,460.5
2026-08-02T00:308:00Z,sensor-0,462.0
2026-08-02T00:309:00Z,sensor-1,463.5
2026-08-02T00:310:00Z,sensor-2,465.0
2026-08-02T00:311:00Z,sensor-3,466.5
2026-08-02T00:312:00Z,sensor-4,468.0
2026-08-02T00:313:00Z,sensor-5,469.5
2026-08-02T00:314:00Z,sensor-6,471.0
2026-08-02T00:315:00Z,sensor-0,472.5
2026-08-02T00:316:00Z,sensor-1,474.0
2026-08-02T00:317:00Z,sensor-2,475.5
2026-08-02T00:318:00Z,sensor-3,477.0
2026-08-02T00:319:00Z,sensor-4,478.5
2026-08-02T00:320:00Z,sensor-5,480.0
2026-08-02T00:321:00Z,sensor-6,481.5
2026-08-02T00:322:00Z,sensor-0,483.0
2026-08-02T00:323:00Z,sensor-1,484.5
2026-08-02T00:324:00Z,sensor-2,486.0
2026-08-02T00:325:00Z,sensor-3,487.5
2026-08-02T00:326:00Z,sensor-4,489.0
2026-08-02T00:327:00Z,sensor-5,490.5
2026-08-02T00:328:00Z,sensor-6,492.0
2026-08-02T00:329:00Z,sensor-0,493.5
2026-08-02T00:330:00Z,sensor-1,495.0
2026-08-02T00:331:00Z,sensor-2,496.5
2026-08-02T00:332:00Z,sensor-3,498.0
2026-08-02T00:333:00Z,sensor-4,499.5
2026-08-02T00:334:00Z,sensor-5,501.0
2026-08-02T00:335:00Z,sensor-6,502.5
2026-08-02T00:336:00Z,sensor-0,504.0
2026-08-02T00:337:00Z,sensor-1,505.5
2026-08-02T00:338:00Z,sensor-2,507.0
2026-08-02T00:339:00Z,sensor-3,508.5
2026-08-02T00:340:00Z,sensor-4,510.0
2026-08-02T00:341:00Z,sensor-5,511.5
2026-08-02T00:342:00Z,sensor-6,513.0
2026-08-02T00:343:00Z,sensor-0,514.5
2026-08-02T00:344:00Z,sensor-1,516.0
2026-08-02T00:345:00Z,sensor-2,517.5
2026-08-02T00:346:00Z,sensor-3,519.0
2026-08-02T00:347:00Z,sensor-4,520.5
2026-08-02T00:348:00Z,sensor-5,522.0
2026-08-02T00:349:00Z,sensor-6,523.5
2026-08-02T00:350:00Z,sensor-0,525.0
2026-08-02T00:351:00Z,sensor-1,526.5
2026-08-02T00:352:00Z,sensor-2,528.0
2026-08-02T00:353:00Z,sensor-3,529.5
2026-08-02T00:354:00Z,sensor-4,531.0
2026-08-02T00:355:00Z,sensor-5,532.5
2026-08-02T00:356:00Z,sensor-6,534.0
2026-08-02T00:357:00Z,sensor-0,535.5
2026-08-02T00:358:00Z,sensor-1,537.0
2026-08-02T00:359:00Z,sensor-2,538.5
2026-08-02T00:360:00Z,sensor-3,540.0
2026-08-02T00:361:00Z,sensor-4,541.5
2026-08-02T00:362:00Z,sensor-5,543.0
2026-08-02T00:363:00Z,sensor-6,544.5
2026-08-02T00:364:00Z,sensor-0,546.0
2026-08-02T00:365:00Z,sensor-1,547.5
2026-08-02T00:366:00Z,sensor-2,549.0
2026-08-02T00:367:00Z,sensor-3,550.5
2026-08-02T00:368:00Z,sensor-4,552.0
2026-08-02T00:369:00Z,sensor-5,553.5
2026-08-02T00:370:00Z,sensor-6,555.0
2026-08-02T00:371:00Z,sensor-0,556.5
2026-08-02T00:372:00Z,sensor-1,558.0
2026-08-02T00:373:00Z,sensor-2,559.5
2026-08-02T00:374:00Z,sensor-3,561.0
2026-08-02T00:375:00Z,sensor-4,562.5
2026-08-02T00:376:00Z,sensor-5,564.0
2026-08-02T00:377:00Z,sensor-6,565.5
2026-08-02T00:378:00Z,sensor-0,567.0
2026-08-02T00:379:00Z,sensor-1,568.5
2026-08-02T00:380:00Z,sensor-2,570.0
2026-08-02T00:381:00Z,sensor-3,571.5
2026-08-02T00:382:00Z,sensor-4,573.0
2026-08-02T00:383:00Z,sensor-5,574.5
2026-08-02T00:384:00Z,sensor-6,576.0
2026-08-02T00:385:00Z,sensor-0,577.5
2026-08-02T00:386:00Z,sensor-1,579.0
2026-08-02T00:387:00Z,sensor-2,580.5
2026-08-02T00:388:00Z,sensor-3,582.0
2026-08-02T00:389:00Z,sensor-4,583.5
2026-08-02T00:390:00Z,sensor-5,585.0
2026-08-02T00:391:00Z,sensor-6,586.5
2026-08-02T00:392:00Z,sensor-0,588.0
2026-08-02T00:393:00Z,sensor-1,589.5
2026-08-02T00:394:00Z,sensor-2,591.0
2026-08-02T00:395:00Z,sensor-3,592.5
2026-08-02T00:396:00Z,sensor-4,594.0
2026-08-02T00:397:00Z,sensor-5,595.5
2026-08-02T00:398:00Z,sensor-6,597.0
2026-08-02T00:399:00Z,sensor-0,598.5
